name,num_users
Famous Question,960400
Great Answer,109261
Great Question,51997
Fanatic,42012
Populist,27944
Electorate,27510
Unsung Hero,26873
Steward,22444
Publicist,11282
Stellar Question,9965
Socratic,5282
Copy Editor,3946
Marshal,3486
Lifeboat,1397
python,761
c#,747
java,696
javascript,654
c++,507
android,386
php,354
Legendary,310
Reversal,301
jquery,292
c,232
html,230
r,215
sql,211
ios,193
css,170
Illuminator,164
.net,147
mysql,133
objective-c,129
sql-server,106
arrays,97
iphone,94
regex,93
ruby,87
ruby-on-rails,86
swift,84
bash,83
pandas,78
haskell,65
linux,64
scala,64
django,62
angular,59
asp.net,57
git,57
c++11,56
python-3.x,56
excel,48
perl,48
wpf,48
node.js,47
oracle,47
string,47
Sheriff,43
shell,42
reactjs,41
delphi,40
postgresql,40
tsql,40
vba,40
powershell,39
typescript,39
list,38
angularjs,37
linq,36
numpy,36
asp.net-mvc,35
dataframe,33
algorithm,30
pointers,30
spring,30
matlab,29
xml,29
go,28
multithreading,28
mongodb,26
json,25
ggplot2,24
windows,24
laravel,23
rust,23
sed,23
xcode,23
awk,21
azure,21
unix,21
vb.net,20
apache-spark,19
batch-file,19
database,19
kotlin,19
swing,19
templates,19
vue.js,19
flutter,18
qt,18
asp.net-core,17
entity-framework,17
sql-server-2008,17
assembly,16
dart,16
eclipse,16
python-2.7,16
amazon-web-services,15
generics,15
matplotlib,15
vim,15
winforms,15
docker,14
firebase,14
sql-server-2005,14
ajax,13
clojure,13
datetime,13
dictionary,13
f#,13
opencv,13
selenium,13
google-sheets,12
hibernate,12
java-8,12
macos,12
tensorflow,12
xaml,12
performance,11
xpath,11
xslt,11
cmd,10
cocoa,10
dplyr,10
ecmascript-6,10
kubernetes,10
spring-boot,10
svg,10
twitter-bootstrap,10
visual-studio,10
winapi,10
azure-devops,9
d3.js,9
date,9
elasticsearch,9
google-apps-script,9
groovy,9
javafx,9
maven,9
ms-access,9
opengl,9
plsql,9
symfony,9
unit-testing,9
asp.net-mvc-3,8
async-await,8
data.table,8
emacs,8
facebook,8
google-app-engine,8
grails,8
java-stream,8
spring-mvc,8
tfs,8
.htaccess,7
asynchronous,7
cmake,7
eloquent,7
gcc,7
google-chrome-extension,7
google-maps,7
gradle,7
highcharts,7
intellij-idea,7
jpa,7
machine-learning,7
magento,7
neo4j,7
scikit-learn,7
sqlite,7
svn,7
unicode,7
vuejs2,7
aggregation-framework,6
ansible,6
apache,6
apache-kafka,6
core-data,6
flexbox,6
fortran,6
google-bigquery,6
google-chrome,6
google-cloud-firestore,6
image-processing,6
julia,6
lambda,6
laravel-4,6
lisp,6
object,6
prolog,6
pyspark,6
sockets,6
sqlalchemy,6
swiftui,6
user-interface,6
wcf,6
wordpress,6
amazon-ec2,5
amazon-s3,5
android-layout,5
apache-spark-sql,5
asp.net-web-api,5
cakephp,5
canvas,5
cassandra,5
cocoa-touch,5
common-lisp,5
cuda,5
database-design,5
erlang,5
express,5
facebook-graph-api,5
github,5
google-maps-api-3,5
grep,5
image,5
jsp,5
keras,5
laravel-5,5
lua,5
mongodb-query,5
nhibernate,5
ruby-on-rails-3,5
scheme,5
seaborn,5
security,5
select,5
swift3,5
visual-studio-2010,5
visual-studio-code,5
wix,5
wolfram-mathematica,5
x86,5
android-studio,4
arm,4
arraylist,4
aws-lambda,4
beautifulsoup,4
c++17,4
class,4
coldfusion,4
cordova,4
cypher,4
django-models,4
docker-compose,4
dom,4
elisp,4
elixir,4
ember.js,4
encryption,4
excel-formula,4
firebase-realtime-database,4
flask,4
floating-point,4
function,4
group-by,4
hadoop,4
http,4
imagemagick,4
javafx-2,4
jdbc,4
jenkins,4
jestjs,4
jframe,4
join,4
jpanel,4
jquery-mobile,4
jsf,4
jtable,4
jvm,4
language-lawyer,4
makefile,4
matrix,4
mercurial,4
mod-rewrite,4
mongoose,4
ocaml,4
pandas-groupby,4
parsing,4
pdf,4
promise,4
raku,4
razor,4
react-native,4
rest,4
rxjs,4
sas,4
selenium-webdriver,4
ssl,4
stl,4
stored-procedures,4
struct,4
task-parallel-library,4
three.js,4
uitableview,4
vector,4
xpages,4
xsd,4
yii2,4
android-fragments,3
ant,3
asp.net-mvc-4,3
backbone.js,3
chart.js,3
codeigniter,3
collections,3
concurrency,3
csv,3
d,3
debugging,3
deep-learning,3
dependency-injection,3
django-rest-framework,3
django-views,3
dockerfile,3
exception,3
ffmpeg,3
firebase-authentication,3
functional-programming,3
gdb,3
gnuplot,3
google-cloud-functions,3
google-cloud-platform,3
indexing,3
jakarta-ee,3
jmeter,3
jquery-ui,3
kendo-ui,3
knockout.js,3
leaflet,3
merge,3
meteor,3
mvvm,3
nginx,3
oop,3
oracle11g,3
paypal,3
puppeteer,3
pygame,3
pyqt5,3
python-asyncio,3
qml,3
realm,3
redux,3
rspec,3
ruby-on-rails-4,3
scipy,3
servlets,3
shiny,3
solr,3
sorting,3
ssh,3
system.reactive,3
terraform,3
timezone,3
tkinter,3
types,3
uwp,3
version-control,3
web-scraping,3
woocommerce,3
xamarin,3
xamarin.forms,3
xamarin.ios,3
.net-core,2
akka,2
android-activity,2
android-intent,2
android-jetpack-compose,2
antlr4,2
apache-flink,2
apache-poi,2
awt,2
azure-pipelines,2
azure-storage,2
blazor,2
bluebird,2
boost,2
boost-asio,2
branch,2
c#-4.0,2
c++14,2
c++20,2
ckeditor,2
coffeescript,2
computer-vision,2
cors,2
count,2
css-grid,2
css-selectors,2
css-shapes,2
curl,2
dask,2
data-structures,2
datatable,2
datatables,2
delphi-7,2
django-admin,2
django-forms,2
django-templates,2
dll,2
drupal,2
ef-code-first,2
embedded,2
encoding,2
entity-framework-4,2
entity-framework-4.1,2
entity-framework-core,2
enums,2
extjs,2
file,2
firebase-cloud-messaging,2
firebase-security,2
firefox,2
firefox-addon,2
for-loop,2
forms,2
garbage-collection,2
ghostscript,2
git-branch,2
git-merge,2
glsl,2
gnu-make,2
google-analytics,2
google-colaboratory,2
google-drive-api,2
google-visualization,2
guava,2
gwt,2
heroku,2
hive,2
initialization,2
inno-setup,2
internet-explorer,2
inversion-of-control,2
ionic2,2
itext,2
itextsharp,2
jackson,2
jasper-reports,2
javafx-8,2
jaxb,2
jbutton,2
jq,2
json.net,2
junit,2
kivy,2
libgdx,2
linq-to-sql,2
lodash,2
logging,2
markdown,2
material-ui,2
math,2
maven-2,2
momentjs,2
mpi,2
ms-word,2
msbuild,2
nestjs,2
networkx,2
neural-network,2
nuget,2
opengl-es,2
orm,2
osgi,2
outlook,2
parallel-processing,2
pdo,2
phoenix-framework,2
phpstorm,2
phpunit,2
pinvoke,2
playframework,2
plot,2
plotly,2
plpgsql,2
primefaces,2
processing,2
protocol-buffers,2
pyqt,2
pyqt4,2
pytorch,2
rabbitmq,2
racket,2
rcpp,2
react-hooks,2
react-redux,2
react-router,2
rebase,2
redirect,2
redis,2
reflection,2
reporting-services,2
sbt,2
scrapy,2
serialization,2
shader,2
signalr,2
silverlight,2
simd,2
sitecore,2
sonarqube,2
spring-batch,2
spring-data-jpa,2
spring-integration,2
spring-security,2
sql-server-2012,2
sse,2
ssis,2
stripe-payments,2
struts2,2
sublimetext3,2
swt,2
tcl,2
tidyverse,2
tomcat,2
twisted,2
twitter-bootstrap-3,2
unity3d,2
utf-8,2
validation,2
vbscript,2
verilog,2
video,2
visual-c++,2
visual-studio-2008,2
vue-component,2
vuejs3,2
web-services,2
websocket,2
webstorm,2
window-functions,2
windows-installer,2
windows-phone-7,2
xslt-1.0,2
xslt-2.0,2
yaml,2
z3,2
zend-framework,2
.net-3.5,1
.net-4.0,1
abap,1
ace-editor,1
actions-on-google,1
actionscript-3,1
active-directory,1
activerecord,1
ada,1
adb,1
aes,1
aggregate-functions,1
airflow,1
altair,1
amazon-cloudformation,1
amazon-cloudfront,1
amazon-dynamodb,1
amazon-redshift,1
amazon-vpc,1
anaconda,1
android-actionbar,1
android-appcompat,1
android-asynctask,1
android-button,1
android-constraintlayout,1
android-gradle-plugin,1
android-manifest,1
android-ndk,1
android-permissions,1
android-service,1
android-support-library,1
android-textinputlayout,1
android-widget,1
angular-ui-router,1
angular2-directives,1
angular2-routing,1
angular2-template,1
antlr,1
antlr3,1
aop,1
apache-camel,1
apache-flex,1
apache-httpclient-4.x,1
apache-kafka-streams,1
apache-nifi,1
apache-spark-mllib,1
apollo,1
apple-push-notifications,1
applescript,1
applet,1
argparse,1
arkit,1
array-formulas,1
asp-classic,1
asp.net-mvc-2,1
asp.net-mvc-routing,1
aspectj,1
augmented-reality,1
aurelia,1
autofac,1
autofixture,1
autolayout,1
automapper,1
avx,1
aws-cli,1
axapta,1
azure-active-directory,1
azure-blob-storage,1
azure-functions,1
azure-table-storage,1
babeljs,1
big-o,1
bison,1
bit-manipulation,1
bitbucket,1
blackberry,1
bluetooth,1
bluetooth-lowenergy,1
bokeh,1
boost-spirit,1
boost-spirit-qi,1
bootstrap-4,1
bootstrap-5,1
boto,1
boto3,1
broadcastreceiver,1
browser,1
build.gradle,1
c++-cli,1
c++builder,1
c-strings,1
caffe,1
cakephp-3.0,1
calendar,1
capybara,1
cart,1
casperjs,1
casting,1
castle-windsor,1
character-encoding,1
charts,1
checkout,1
chef-infra,1
chrono,1
clearcase,1
clr,1
cluster-analysis,1
cocos2d-iphone,1
codenameone,1
com,1
compact-framework,1
compiler-construction,1
composer-php,1
composite-component,1
compression,1
conda,1
constructor,1
contenteditable,1
coq,1
corda,1
core-plot,1
couchdb,1
cpu-architecture,1
cql,1
cryptography,1
css-animations,1
cxf,1
cython,1
dagger-2,1
dapper,1
data-binding,1
data-mining,1
dax,1
dc.js,1
declaration,1
decorator,1
delegates,1
delphi-xe,1
delphi-xe2,1
design-patterns,1
dialogflow-es,1
directshow,1
discord.py,1
django-queryset,1
doctrine-orm,1
domain-driven-design,1
dotnetopenauth,1
drupal-7,1
dynamic-sql,1
eclipse-plugin,1
eclipse-rcp,1
ecto,1
eigen,1
el,1
elf,1
elm,1
email,1
es6-promise,1
etl,1
events,1
expect,1
extension-methods,1
facelets,1
fancybox,1
fft,1
fiddler,1
file-io,1
file-upload,1
firebase-storage,1
firebird,1
flex-lexer,1
flink-streaming,1
flutter-layout,1
flyway,1
freemarker,1
ftp,1
fxml,1
gatsby,1
generator,1
gensim,1
geometry,1
git-bash,1
git-clone,1
git-commit,1
git-push,1
git-submodules,1
git-svn,1
githooks,1
github-api,1
gitignore,1
gitlab,1
glibc,1
google-api,1
google-chrome-devtools,1
google-cloud-datastore,1
google-cloud-messaging,1
google-cloud-storage,1
google-oauth,1
google-sheets-api,1
google-sheets-formula,1
gpgpu,1
gpu,1
grails-orm,1
grammar,1
grand-central-dispatch,1
graphql,1
graphviz,1
greasemonkey,1
greatest-n-per-group,1
gremlin,1
grpc,1
gtk,1
guice,1
gulp,1
gzip,1
h2,1
hash,1
hashmap,1
hiveql,1
hook-woocommerce,1
hsqldb,1
html-parsing,1
html5-canvas,1
http2,1
ibeacon,1
ibm-mobilefirst,1
ibm-mq,1
ienumerable,1
if-statement,1
igraph,1
iis,1
indy,1
indy10,1
informix,1
inheritance,1
innodb,1
installation,1
intel,1
interface,1
interop,1
intrinsics,1
ioc-container,1
ionic-framework,1
ionic3,1
ios-simulator,1
ipython,1
ivy,1
jakarta-mail,1
java-9,1
jax-rs,1
jekyll,1
jersey,1
jersey-2.0,1
jetty,1
jfreechart,1
jodatime,1
joomla,1
jooq,1
jqgrid,1
jquery-selectors,1
jquery-validate,1
jscrollpane,1
jsf-2,1
jsf-2.2,1
jsonb,1
jsonschema,1
jstl,1
karate,1
kendo-grid,1
kibana,1
knex.js,1
knitr,1
kotlin-coroutines,1
kubernetes-helm,1
lapply,1
laravel-5.2,1
latex,1
layout-manager,1
left-join,1
less,1
libcurl,1
liferay,1
linker,1
linq-to-xml,1
linqpad,1
linux-kernel,1
liquid,1
list-comprehension,1
listview,1
lldb,1
llvm,1
lme4,1
log4j,1
log4j2,1
logstash,1
loops,1
lucene,1
mailkit,1
managed-bean,1
mapstruct,1
mariadb,1
marklogic,1
masstransit,1
material-components,1
material-components-android,1
material-design,1
memory,1
memory-management,1
metal,1
methods,1
micro-optimization,1
microdata,1
microsoft-graph-api,1
mocha.js,1
mockito,1
mod-wsgi,1
model-view-controller,1
mootools,1
moq,1
mpandroidchart,1
mqtt,1
mule,1
multi-index,1
multiprocessing,1
mvvmcross,1
mysql-workbench,1
mysqli,1
nan,1
nativescript,1
nest,1
netlogo,1
netty,1
networking,1
next.js,1
nfc,1
ninject,1
nio,1
nlog,1
nlp,1
nltk,1
nokogiri,1
nsis,1
nspredicate,1
nuxt.js,1
nvidia,1
oauth,1
oauth-2.0,1
observable,1
okhttp,1
openapi,1
opencart,1
openmp,1
openpyxl,1
openssl,1
optimization,1
oracle-sqldeveloper,1
oracle10g,1
orchardcms,1
orders,1
ormlite,1
ormlite-servicestack,1
owl,1
pascalscript,1
pdfbox,1
pdfsharp,1
peewee,1
perforce,1
performance-testing,1
phantomjs,1
phpexcel,1
phpmailer,1
pickle,1
pip,1
pipe,1
pivot,1
playframework-2.0,1
plone,1
plotly-python,1
polymer,1
postman,1
powerbi,1
product,1
progressive-web-apps,1
proguard,1
project-reactor,1
prometheus,1
properties,1
protobuf-net,1
protractor,1
pthreads,1
purrr,1
push-notification,1
pydev,1
pyodbc,1
pyparsing,1
pyramid,1
pyside,1
pyside2,1
pytest,1
python-decorators,1
python-imaging-library,1
python-requests,1
python-sphinx,1
pyyaml,1
qt5,1
qtcore,1
quickbooks,1
r-markdown,1
rails-activerecord,1
ramda.js,1
raster,1
ravendb,1
rdd,1
rdf,1
react-router-dom,1
realitykit,1
regression,1
repository,1
requirejs,1
reshape,1
resharper,1
richfaces,1
rmi,1
robotframework,1
rvm,1
rx-java,1
rx-java2,1
rx-swift,1
rxjs5,1
sails.js,1
sass,1
saxon,1
scenekit,1
schema.org,1
selenium-chromedriver,1
semantic-markup,1
seo,1
series,1
serilog,1
service,1
service-worker,1
servicestack,1
servlet-filters,1
session,1
sftp,1
sh,1
shared-libraries,1
sharepoint,1
sidekiq,1
signal-processing,1
simple-injector,1
slack,1
slack-api,1
slice,1
slurm,1
socket.io,1
solidity,1
sparql,1
speech-recognition,1
spring-amqp,1
spring-cloud,1
spring-data,1
spring-kafka,1
spring-rabbit,1
spring-test,1
spring-webflux,1
sprite-kit,1
spyder,1
sql-order-by,1
sql-server-2008-r2,1
sql-server-ce,1
sql-update,1
sqlclr,1
stata,1
static,1
stringr,1
sublimetext,1
sublimetext2,1
subprocess,1
subquery,1
subset,1
svelte,1
swagger,1
swig,1
sympy,1
system-verilog,1
tablesorter,1
tableview,1
tampermonkey,1
task,1
tcp,1
teradata,1
terminal,1
testing,1
thymeleaf,1
tidyr,1
time,1
time-complexity,1
tinymce,1
tornado,1
tortoisegit,1
tortoisesvn,1
tuples,1
turtle-graphics,1
twilio,1
typescript-generics,1
ubuntu,1
uiviewcontroller,1
uml,1
underscore.js,1
url,1
url-rewriting,1
userscripts,1
v8,1
vagrant,1
variables,1
variadic-templates,1
vb6,1
vectorization,1
vhdl,1
visual-studio-2012,1
vscode-settings,1
vulkan,1
wagtail,1
wamp,1
wampserver,1
watir,1
web-component,1
web2py,1
webdriver,1
webdriverwait,1
webgl,1
webpack,1
webrtc,1
where-clause,1
windbg,1
windows-ce,1
windows-mobile,1
windows-phone-8.1,1
windows-runtime,1
winscp,1
word2vec,1
wxpython,1
wxwidgets,1
x86-64,1
xamarin.android,1
xhtml,1
xlsxwriter,1
xml-serialization,1
xml-validation,1
xna,1
xsd-validation,1
xts,1
yesod,1
zend-framework2,1
zlib,1